PKB No.,eternafold_hungarian,vienna_hungarian,eternafold,eternafold_treshknot,it_hfold_1,vienna2,hotknots,contrafold_hungarian,contrafold_2,contrafold_treshknot,eternafold_hfold_1,Hfold_iterative_from_sharpify,ipknots,eternafold_hfold_final,eternafold_hfold_2,eternafold_hfold_4,eternafold_hfold_3,pknots,nupack_hungarian,nupack-pk,knotty,nupack_treshknot,spotrna,e2efold,Sequence,Dot bracket from UTEP,Length,Design ID,,
PKB155,,,,,,,,,,,,,,,,,,,,,,,,,CCCUUGUCUCAGGUAGAGACC,.(((.[[[[[)))..]]]]].,21,11384182,,
PKB279,,,,,,,,,,,,,,,,,,,,,,,,,CAAUUUUCUGAAAAUUUUCAC,.(((((..[[[))))).]]].,21,-,,
PKB54,,,,,,,,,,,,,,,,,,,,,,,,,CGUGGUGCGUACGAUAACGCAU,(((.[[[[[[)))...]]]]]],22,11441558,11384936,
PKB59,,,,,,,,,,,,,,,,,,,,,,,,,CGUGGUGCAUACGAUAAUGCAU,(((.[[[[[[)))...]]]]]],22,11385541,,
PKB61,,,,,,,,,,,,,,,,,,,,,,,,,CGUUGUGUACACGAUAGUACAU,(((.[[[[[[)))...]]]]]],22,11438091,11384282,11384252
PKB63,,,,,,,,,,,,,,,,,,,,,,,,,CGUGGUGCAUACGAUAAUGCAU,(((.[[[[[[)))...]]]]]],22,11385541,,
PKB86,,,,,,,,,,,,,,,,,,,,,,,,,UAGGGGCUUACCGAAAUAAGCC,.(((.[[[[[)))...]]]]].,22,11407680,,
PKB53,,,,,,,,,,,,,,,,,,,,,,,,,ACGGAUUGUGUCCGUAAUCACA,..(((.[[[[))).....]]]],22,11384613,,
PKB247,,,,,,,,,,,,,,,,,,,,,,,,,CCCCUGUCCCGGGUAGGGAACC,.(((..[[[[)))..]]]]...,22,-,,
PKB188,,,,,,,,,,,,,,,,,,,,,,,,,UCGUUGCCGUCACGAUAGACGGA,.(((..[[[[[)))...]]]]].,23,11385735,,
PKB199,,,,,,,,,,,,,,,,,,,,,,,,,UCGUGGUCAGUACGAUAACUGAU,.(((..[[[[[)))...]]]]].,23,-,,
PKB165,,,,,,,,,,,,,,,,,,,,,,,,,AUUGCCACUGUGGAAAUCAGUGA,.(((.[[[[[)))....]]]]].,23,-,,
PKB156,,,,,,,,,,,,,,,,,,,,,,,,,ACUUUGGCUAAGGUUAAAAGCUU,.(((.[[[[)))......]]]].,23,-,,
PKB95,,,,,,,,,,,,,,,,,,,,,,,,,AGUUGGACGAACAUUAAACGUCC,.(((.[[[[)))......]]]].,23,-,,
PKB85,,,,,,,,,,,,,,,,,,,,,,,,,AAGUUUGGUCGUACUUAACGACCU,.(((..[[[[[[)))..]]]]]].,24,11413223,,
PKB109,,,,,,,,,,,,,,,,,,,,,,,,,UUGUGGUGCAUACAAUAAUGCAUA,.(((.[[[[[[)))...]]]]]].,24,-,,
PKB111,,,,,,,,,,,,,,,,,,,,,,,,,ACGUGGUGCAUACGUUAAUGCAUA,.(((.[[[[[[)))...]]]]]].,24,11417168,,
PKB113,,,,,,,,,,,,,,,,,,,,,,,,,UCGUGGUGCAUACGAAAAUGCAUA,.(((.[[[[[[)))...]]]]]].,24,11385238,,
PKB115,,,,,,,,,,,,,,,,,,,,,,,,,CGGUAGCGCGAACCUUAUCGCGCA,.(((.[[[[[[)))...]]]]]].,24,11417173,,
PKB117,,,,,,,,,,,,,,,,,,,,,,,,,ACGUGGGUUAUACGAUAAUAACCG,.(((.[[[[[[)))...]]]]]].,24,11417180,,
PKB119,,,,,,,,,,,,,,,,,,,,,,,,,ACGUGGCGAAUACGAUAAUUCGUA,.(((.[[[[[[)))...]]]]]].,24,-,,
PKB161,,,,,,,,,,,,,,,,,,,,,,,,,AGGUGGAUGUUACCAUAAACAUUA,.(((.[[[[[[)))...]]]]]].,24,-,,
PKB166,,,,,,,,,,,,,,,,,,,,,,,,,CGGUUUUAUCUACCAUAAGAUAAA,.(((.[[[[[[)))...]]]]]].,24,-,,
PKB185,,,,,,,,,,,,,,,,,,,,,,,,,ACGUGGCCAUCACGAUAGAUGGUU,.(((.[[[[[[)))...]]]]]].,24,-,,
PKB196,,,,,,,,,,,,,,,,,,,,,,,,,ACGCGGUCAUUGCGAUAAAUGACU,.(((.[[[[[[)))...]]]]]].,24,-,,
PKB203,,,,,,,,,,,,,,,,,,,,,,,,,ACGUGGUCUUCACGAUAGAAGAUG,.(((.[[[[[[)))...]]]]]].,24,-,,
PKB250,n,n,n,n,n,n,n,n,n,n,n,n,n,n,n,n,n,n,n,n,n,n,n,n,GGGUGGCGCACACCACAGUGCGUA,.(((.[[[[[[)))...]]]]]].,24,11380917,,
PKB83,,,,,,,,,,,,,,,,,,,,,,,,,ACGUGGUACGUACGAUAACGUACA,.(((.[[[[[[)))...]]]]]].,24,11413215,11402311,
PKB90,,,,,,,,,,,,,,,,,,,,,,,,,UGGUGGUGCACACCAAAGUGCAUA,.(((.[[[[[[)))...]]]]]].,24,11416963,,
PKB93,,,,,,,,,,,,,,,,,,,,,,,,,GGGUGGCUGAUACCAAAAUCAGCA,.(((.[[[[[[)))...]]]]]].,24,11416981,,
PKB96,,,,,,,,,,,,,,,,,,,,,,,,,CCGUGGCGAGUACGAUAACUCGUA,.(((.[[[[[[)))...]]]]]].,24,-,,
PKB102,,,,,,,,,,,,,,,,,,,,,,,,,GCGUAUCUCUUAUGUCAACAGAGA,.((((.[[[[)))).....]]]].,24,-,,
PKB293,,,,,,,,,,,,,,,,,,,,,,,,,ACGUGAAGGCUACGAUAGUGCCAG,.((((..[[[)))).....]]]..,24,-,,
PKB295,,,,,,,,,,,,,,,,,,,,,,,,,ACGUGAAGGCUACGAUAGUGCCAG,.((((..[[[)))).....]]]..,24,-,,
PKB56,,,,,,,,,,,,,,,,,,,,,,,,,UAACGUUGAUAGUGUUGAACUAUC,((((((.[[[[))))))...]]]],24,-,,
PKB294,,,,,,,,,,,,,,,,,,,,,,,,,AGGGCGGGUACUGCCGUAAGUGCCA,..(((.[[[[[[)))...]]]]]].,25,-,,
PKB125,,,,,,,,,,,,,,,,,,,,,,,,,CCAUUCCCACUAGUGUAUUAGUGGA,.(((..[[[[[[)))...]]]]]].,25,-,,
PKB299,,,,,,,,,,,,,,,,,,,,,,,,,ACGCGGGUACUGCGAUAGUGCCACC,.(((.[[[[[[)))..]]]]]]...,25,-,,
PKB159,,,,,,,,,,,,,,,,,,,,,,,,,GGGCGGGUGUCGCCAGAAAUCACCG,.(((.[[[[[.)))....].]]]].,25,11419356,,
PKB103,,,,,,,,,,,,,,,,,,,,,,,,,CGCCGACGUGGCUGUAUAAUACGUC,.(((.[[[[)))........]]]].,25,11417155,,
PKB288,,,,,,,,,,,,,,,,,,,,,,,,,CCUUCGCUCGGAAGUAAAACGACAA,.((((..[[[)))).....]]]...,25,-,,
PKB292,,,,,,,,,,,,,,,,,,,,,,,,,CCUUCACCUGGAAGUAAAACAGCAA,.((((..[[[)))).....]]]...,25,-,,
PKB152,,,,,,,,,,,,,,,,,,,,,,,,,UGGUGCCCAUCAACCAUAUGAUGGGA,.(((.[[[[[[[)))...]]]]]]].,26,11417318,,
PKB157,,,,,,,,,,,,,,,,,,,,,,,,,UUGUUGAAUCAGUACAAUAACUGAUA,.(((...[[[[[[)))...]]]]]].,26,-,,
PKB104,,,,,,,,,,,,,,,,,,,,,,,,,UCGUUGACAAGUACGAAAUCUUGUUA,.(((.[[[[[[.)))....]]]]]].,26,11417160,,
PKB251,,,,,,,,,,,,,,,,,,,,,,,,,CAGCCUCUCACAGCUUCCUCGUGAGG,.(((..[[[[[.))).....]]]]].,26,11382779,,
PKB121,,,,,,,,,,,,,,,,,,,,,,,,,AAGCAGUCCCAGCUCUGCAUUGGGAA,.(((..[[[[[)))......]]]]].,26,11417253,,
PKB123,,,,,,,,,,,,,,,,,,,,,,,,,GACGUUGGCCUCGACGUGUCGAGGUG,.((((..[[[[[[))))..]]]]]].,26,-,,
PKB101,,,,,,,,,,,,,,,,,,,,,,,,,CGCUCCUCGCUUGAGCUUGAGGCGGC,.((((.[[[[[[))))...]]]]]].,26,11417147,,
PKB81,,,,,,,,,,,,,,,,,,,,,,,,,GCGAUUUCUGACCGCUUUUUUGUCAG,(((....[[[[[)))......]]]]],26,11382777,,
PKB82,,,,,,,,,,,,,,,,,,,,,,,,,AUAAAGUUUGUGUUUCUAAAACACAC,..(((...[[[[)))......]]]].,26,11413213,,
PKB296,,,,,,,,,,,,,,,,,,,,,,,,,AGGGCGGGUCCUGCCGAAAGUGCCAA,..(((.[[[.[[)))...]].]]]..,26,11382775,,
PKB287,,,,,,,,,,,,,,,,,,,,,,,,,CCGUCUUUCCCGACGUUAAAGGGAUG,.((((..[[[[)))).....]]]]..,26,11382795,,
PKB291,,,,,,,,,,,,,,,,,,,,,,,,,CCGCCUAUCCCGGCGUUAAUGGGAGG,.((((..[[[[)))).....]]]]..,26,11398357,,
PKB154,,,,,,,,,,,,,,,,,,,,,,,,,GAGCCCCUGACUGGGUUAAAGUCACA,.(((((.[[[[[)))))..]]]]]..,26,-,,
PKB183,,,,,,,,,,,,,,,,,,,,,,,,,ACGUCGUGCAGUACGGUAAACUGCACA,.(((.[[[[[[[)))....]]]]]]].,27,-,,
PKB126,,,,,,,,,,,,,,,,,,,,,,,,,GAACGAGGCCCCGCGUGAAUUGGGGUG,..(((..[[[[[[)))....]]]]]].,27,11417291,,
PKB285,,,,,,,,,,,,,,,,,,,,,,,,,ACCGUCGUUCCCGACGUAAAAGGGAGG,..((((..[[[[)))).....]]]]..,27,-,,
PKB187,,,,,,,,,,,,,,,,,,,,,,,,,GCCGCUGGGAUUGCGGAUUAUAAAUCG,.((((...[[[[))))......]]]].,27,11423739,11402309,
PKB92,,,,,,,,,,,,,,,,,,,,,,,,,AAAGUCGCUGAAGACUUAAAAUUCAGG,.(((((.[[[[[)))))....]]]]].,27,11416977,,
PKB194,,,,,,,,,,,,,,,,,,,,,,,,,UACGCUGUACAGUGCGUUAAACUGUACA,..(((.[[[[[[[)))....]]]]]]].,28,-,,
PKB189,,,,,,,,,,,,,,,,,,,,,,,,,AGUCUAACAUGUCGGGCUGAGACAUGUC,.((((.[[[[[[[))))...]]]]]]].,28,11374870,,
PKB200,,,,,,,,,,,,,,,,,,,,,,,,,AGUCUAAUUUGUCGGGCUGAGACAAAUC,.((((.[[[[[[[))))...]]]]]]].,28,11359909,,
PKB74,,,,,,,,,,,,,,,,,,,,,,,,,UGCCAGCUAUGAGGUAAAGUGUCAUAGC,((((.[[[[[[[)))).....]]]]]]],28,11401752,11329260,
PKB158,,,,,,,,,,,,,,,,,,,,,,,,,CUUUAAGGGACCUUGUGAAAUUCAAGGG,.((((.....[[[[[))))...]]]]].,28,-,,
PKB368,,,,,,,,,,,,,,,,,,,,,,,,,AGGCUAGGACCGGCCAGACAAAGGUCCG,.((((.[[[[[)))).......]]]]].,28,11444132,11413746,11413225
PKB289,,,,,,,,,,,,,,,,,,,,,,,,,ACCGUCGUUCCCGACGUAAAAGGGAUGU,..((((..[[[[)))).....]]]]...,28,-,,
PKB282,,,,,,,,,,,,,,,,,,,,,,,,,CCGUCGUUUCCGACGUAAAAGGAAGCAA,.((((..[[[[)))).....]]]]....,28,-,,
PKB201,,,,,,,,,,,,,,,,,,,,,,,,,GGCGUUCUACAGUACGUUUAAACUGUAGG,..(((.[[[[[[[))).....]]]]]]].,29,-,,
PKB124,,,,,,,,,,,,,,,,,,,,,,,,,CAGUAGUCCUGAACUAGUAAAUCAGGACC,.(((.[[[[[[[)))......]]]]]]].,29,-,,
PKB298,,,,,,,,,,,,,,,,,,,,,,,,,CGCCGUUUGCCUAGGCUAUAGGCUAAAUU,.(((....[[[[[)))..]]]]]......,29,11402303,11386805,
PKB197,,,,,,,,,,,,,,,,,,,,,,,,,GAACCUAUUUGCUCGGGUUGAGUGCAAAC,..((((.[[[[[..)))).....]]]]].,29,-,,
PKB204,,,,,,,,,,,,,,,,,,,,,,,,,CAGAGUUAUCAUACUCUAUAAACUAUGAC,.((((...[[[[[))))......]]]]].,29,-,,
PKB283,,,,,,,,,,,,,,,,,,,,,,,,,CCGCCUGUCCCGGCGUUAAAGGGAAGUAA,.((((..[[[[)))).....]]]].....,29,-,,
PKB186,,,,,,,,,,,,,,,,,,,,,,,,,AAGCCUAUUUGUACGGGUUGAGUACAAAC,.(((((.[[[[[..)))))....]]]]].,29,11423717,,
PKB278,,,,,,,,,,,,,,,,,,,,,,,,,AUUUAAAUCAUUUCUUUUAAAGCAAAAGC,.((((((...[[[..))))))....]]].,29,-,,
PKB55,,,,,,,,,,,,,,,,,,,,,,,,,AGUGUUUUUCCCUCCACUUAAAUCGAAGGG,((((.....[[[[[))))......].]]]],30,-,,
PKB58,,,,,,,,,,,,,,,,,,,,,,,,,AGUGUUUGUCCCUCCACUUAAAUCGAAGGG,((((.....[[[[[))))......].]]]],30,11438101,11382752,
PKB60,,,,,,,,,,,,,,,,,,,,,,,,,AGUGUUUAUCCCUCCACUUGAAUCGAAGGG,((((.....[[[[[))))......].]]]],30,11398360,,
PKB62,,,,,,,,,,,,,,,,,,,,,,,,,AGUGGUUAUCCCUCCACUUAAAUCGAAGGG,((((.....[[[[[))))......].]]]],30,-,,
PKB49,,,,,,,,,,,,,,,,,,,,,,,,,CGAGGGGCGGUUGGCCUCGUAAAAAGCCGC,(((((.[[[[[[..))))).....]]]]]],30,11372818,,
PKB284,,,,,,,,,,,,,,,,,,,,,,,,,ACCGCCUACCCCGGCGUUAACGGGGAACAA,..((((..[[[[)))).....]]]].....,30,-,,
PKB290,,,,,,,,,,,,,,,,,,,,,,,,,ACCGUCUCUCCCGACGUUAAAGGGAUGUAA,..((((..[[[[)))).....]]]].....,30,11382929,,
PKB286,,,,,,,,,,,,,,,,,,,,,,,,,ACCGUCCGGCCCGACGUAAAAGGGUGGUAA,..((((...[[[)))).....]]]......,30,-,,
PKB369,,,,,,,,,,,,,,,,,,,,,,,,,ACAGGCUAGGACCGGCCUGAUAAAGGUCCG,.((((((.[[[[[)))))).....]]]]].,30,11413227,,
PKB67,,,,,,,,,,,,,,,,,,,,,,,,,CGAGAAGGAGAUCUCUCGUAAAUAAGACUC,(((((..[[[.[[))))).......]]]]],30,-,,
PKB122,,,,,,,,,,,,,,,,,,,,,,,,,UACUACUUGCUCAUUUGUAGUCUAAAUGAGA,.(((((...[[[[[[[)))))..]]]]]]].,31,11417266,,
PKB184,,,,,,,,,,,,,,,,,,,,,,,,,UUCUGUUUUUCGAACAGAUGUAAAUCGAAGA,.(((((.[[[[[[)))))......]]]]]].,31,11423692,,
PKB195,,,,,,,,,,,,,,,,,,,,,,,,,CUCUGUUGAUCAAACAGAAAUAAAUUGAUUA,.(((((.[[[[[[)))))......]]]]]].,31,-,,
PKB371,,,,,,,,,,,,,,,,,,,,,,,,,GAGGUUAGAGUCGACCUGUUAAACAGACUCA,.(((((.[[[[[)))))........]]]]].,31,11413263,,
PKB100,,,,,,,,,,,,,,,,,,,,,,,,,AAGCCUUUUGGAUCGAAGGUUAAACGAUCCG,.((((((..[[[[[[))))))...]]]]]].,31,11422897,,
PKB302,,,,,,,,,,,,,,,,,,,,,,,,,GCCAGUGGUUUGCAAUGCUGGUCCGGUGCGU,(((((((...[[[[.)))))))....]]]].,31,11398355,,
PKB151,,,,,,,,,,,,,,,,,,,,,,,,,AAAUGUUUGAUCAGAUCAUUCAAAUCUGAUGG,.((((....[[[[[[[))))...]]]]]]]..,32,-,,
PKB105,,,,,,,,,,,,,,,,,,,,,,,,,UAGUGUUUUUCCCUCCACUUAAAUCGAAGGGU,.((((.....[[[[[))))......].]]]].,32,-,,
PKB84,,,,,,,,,,,,,,,,,,,,,,,,,CAGUGUUUUUCCCUCCACUUAAAUCGAAGGGU,.((((.....[[[[[))))......].]]]].,32,-,,
PKB87,,,,,,,,,,,,,,,,,,,,,,,,,CCGUGUUUAAGAGUCCACGCAAAUCGAACUCU,.((((.....[[[[[))))......].]]]].,32,-,,
PKB97,,,,,,,,,,,,,,,,,,,,,,,,,UAGUGUUUUUCCCUCCACUUAAAUCGAAGGGU,.((((.....[[[[[))))......].]]]].,32,-,,
PKB198,,,,,,,,,,,,,,,,,,,,,,,,,ACCGCCUGAUUAGCGGUCUACAAGUUAAUCGA,.((((..[[[[[)))).........]]]]]..,32,-,,
PKB160,,,,,,,,,,,,,,,,,,,,,,,,,CGAUACUACUAGUUGUAUCAAAACAAAACUAA,.(((((...[[[[[))))).......]]]]].,32,-,,
PKB64,,,,,,,,,,,,,,,,,,,,,,,,,AAAUUGAAGAGUUUGAUCAUGGCUCAAUGAAU,........(((((...[[[.)))))..]]]..,32,-,,
PKB110,,,,,,,,,,,,,,,,,,,,,,,,,UAGUGUUUGCCGUUCCACUUAAAUCGAAACGGA,.((((....[[[[[[))))......].]]]]].,33,-,,
PKB112,,,,,,,,,,,,,,,,,,,,,,,,,UAGUGUUUUUCGUUCCACUUAAAUCGAAACGAU,.((((....[[[[[[))))......].]]]]].,33,-,,
PKB114,,,,,,,,,,,,,,,,,,,,,,,,,UAGUGUUUACCGUUCCACUUAAAUCGAAACGGA,.((((....[[[[[[))))......].]]]]].,33,-,,
PKB116,,,,,,,,,,,,,,,,,,,,,,,,,CAGUGUUUUGAAGUCCACUUAAAUAGAACUUCU,.((((....[[[[[[))))......].]]]]].,33,-,,
PKB118,,,,,,,,,,,,,,,,,,,,,,,,,CGGUGCUUUUAUGUUCACCGAAAUCGAACAUAC,.((((....[[[[[[))))......].]]]]].,33,11417205,,
PKB153,,,,,,,,,,,,,,,,,,,,,,,,,GAGUGUUUGCAAGUCCACUAUAAUCGAACUUGA,.((((....[[[[[[))))......].]]]]].,33,-,,
PKB249,,,,,,,,,,,,,,,,,,,,,,,,,UAGUGUUUCGGCUUCCACUUAAAUCGAAAGCCA,.((((....[[[[[[))))......].]]]]].,33,-,,
PKB297,,,,,,,,,,,,,,,,,,,,,,,,,AAGUCCAUGGUGAGGGGACUUGAUACCUCACCG,.(((((..[[[[[[[))))).....]]]]]]].,33,-,,
PKB73,,,,,,,,,,,,y,y 1 of 2,,,,,y,y,y,y,y,,,CUGACCAGCUAUGAGGUCAUACAUCGUCAUAGC,.(((((.[[[[[[[))))).......]]]]]]],33,11455623,11446831,11418235
PKB176,,,,,,,,,,,,,,,,,,,,,,,,,GGACCGUCAGAGGACACGGUUAAAAAGUCCUCU,..(((((..[[[[[[)))))......]]]]]].,33,11382970,,
PKB91,,,,,,,,,,,,,,,,,,,,,,,,,UAGUGCUUUCCCGUUCACUUAAAUCGAACGGUU,.((((.....[[[[[))))......].]]]]..,33,-,,
PKB94,,,,,,,,,,,,,,,,,,,,,,,,,CAGUGGUUGUUCGUCCACUUAAAUAUAACGAUU,.((((.....[[[[.))))........]]]]..,33,11416994,,
PKB89,,,,,,,,,,,,,,,,,,,,,,,,,ACCUCGAAAGCUUAGUUUCGAGGGUCUUCUGAU,.((((((((..[[[[)))))))).....]]]].,33,-,,
PKB242,,,,,,,,,,,,,,,,,,,,,,,,,UGAGGUUUUUCCCCUCCCUCAUGAUGAGGGGAAG,.((((...[[[[[[[[)))).....]]]]]]]].,34,-,,
PKB202,,,,,,,,,,,,,,,,,,,,,,,,,UGGUGCUUGUUAUUUCACCUAAAUCGAAAUAACG,.((((...[[[[[[[)))).......]]]]]]].,34,-,,
PKB246,,,,,,,,,,,,,,,,,,,,,,,,,GACCGTGCACCATGAGCACGAATCCTAAACCTCA,((.((((.....[[[[))))..))......]]]],34,DNA,,
PKB241,,,,,,,,,,,,,,,,,,,,,,,,,AGAGAGUUAUUCGCUCCUCUCGAGAUUGAGCGGC,.(((((....[[[[[[)))))......]]]]]].,34,11382895,,
PKB304,,,,,,,,,,,,,,,,,,,,,,,,,AGAGGUUCUAGCUACACCCUCUAUAAAAAACUAA,(((((...[[[......)))))........]]].,34,-,,
PKB108,,,,,,,,,,,,,,,,,,,,,,,,,UAUAACCUUCACCAAUUAGGUUCAAAUAAGUGGUA,...((((...[[[[[[[[))))....]]]]]]]].,35,11382787,,
PKB167,,,,,,,,,,,,,,,,,,,,,,,,,AAGUGUUUUCAUGUCCACUUAAAUCGAACAUGAAC,.((((..[[[[[[[[))))......].]]]]]]].,35,11423658,,
PKB245,,,,,,,,,,,,,,,,,,,,,,,,,CCCAGCCUUGGGGUGGCUGGUCAAUAAAAACCCCC,.((((((..[[[[[)))))).........]]]]].,35,-,,
PKB162,,,,,,,,,,,,,,,,,,,,,,,,,UAAUGUCGCAGGUGGCAUUUUAAAAUAAGACCUGA,.((((((.[[[[[))))))..........]]]]].,35,11419368,,
PKB120,,,,,,,,,,,,,,,,,,,,,,,,,UAGUGUUCGUGGAUAACACUUUAAUUAAGAUUCAUA,.((((((.[[[[[[)))))).........]]]]]].,36,11417251,,
PKB25,,,,,,,,,,,,,,,,,,,,,,,,,GAGGUUCGAAUCCUCCCUAACCCCGGGUAGGGGCCCA,...............(((..[[[[)))..]]]]....,37,-,,
PKB26,,,,,,,,,,,,,,,,,,,,,,,,,GAGGUUCGAAUCCUCCCUAACCCCGGGUAGGGGCCCA,...............(((..[[[[)))..]]]]....,37,-,,
PKB28,,,,,,,,,,,,,,,,,,,,,,,,,GGGAUUCGAAUUCCCCCUUACCUCGGGUAGAGGCCCA,...............(((..[[[[)))..]]]]....,37,-,,
PKB29,,,,,,,,,,,,,,,,,,,,,,,,,GAGGUUCGAAUCCUCCCUAACCCCGGGUAGGGGCCCA,...............(((..[[[[)))..]]]]....,37,-,,
PKB300,,,,,,,,,,,,,,,,,,,,,,,,,UCAAGAAUUCCGUUUUCAGUCGGGAAAAACUGAACAA,.......(((((..[[[[[[)))))...]]]]]]...,37,11382952,,
PKB301,,,,,,,,,,,,,,,,,,,,,,,,,GAAUAUCUUCCGAAGCCGAACGGGAAAACCGGCAUCU,.......(((((..[[[[..)))))....]]]]....,37,11383358,,
PKB277,,,,,,,,,,,,,,,,,,,,,,,,,CGAAUCUCAAGCAAUCAAGCAUUCUACUUCUAUUGCA,.((((((...[[[[[..)).)))).......]]]]].,37,-,,
PKB32,,,,,,,,,,,,,,,,,,,,,,,,,GGGUGCAACUCCCCCCCCCUUGGAGGGUAUCCAAGACC,.............(((..[[[[[[)))..]]]]]]...,38,-,,
PKB18,,,,,,,,,,,,,,,,,,,,,,,,,GGGGUUCGAAUCCCCCCGUUACCCCCGGUAGGGGCCCA,...............(((...[[[[)))..]]]]....,38,-,,
PKB19,,,,,,,,,,,,,,,,,,,,,,,,,GGGGUUCGAAUCCCCCCCGAACCGCGGGUAGCGGCCCA,...............(((...[[[[)))..]]]]....,38,11420414,,
PKB20,,,,,,,,,,,,,,,,,,,,,,,,,GGGGUUCGAAUCCCCCCUUUUCCCCGGGUAGGGGCCCA,...............(((...[[[[)))..]]]]....,38,-,,
PKB21,,,,,,,,,,,,,,,,,,,,,,,,,GGGAUUCGAAUUCCCCCGGAACCCCCGGUUGGGGCCCA,...............(((...[[[[)))..]]]]....,38,-,,
PKB23,,,,,,,,,,,,,,,,,,,,,,,,,GAGGUUCGAAUCCUCCCGUAACCGCCGGUAGCGGCCCA,...............(((...[[[[)))..]]]]....,38,-,,
PKB27,,,,,,,,,,,,,,,,,,,,,,,,,GGGGUUCGAAUCCCCCCCGAACCGCGGGUAGCGGCCCA,...............(((...[[[[)))..]]]]....,38,11420414,,
PKB370,,,,,,,,,,,,,,,,,,,,,,,,,UGAUGUGCAGCUUCUUAGGUGCAUCUCGUAUAGAAGCG,.(((((((.[[[[[[...)))))))......]]]]]].,38,11413265,,
PKB22,,,,,,,,,,,,,,,,,,,,,,,,,GGGGUUCGAAUCCCUCCCUAACCGCGGGUAAGCGGCCCA,...............(((...[[[[)))...]]]]....,39,-,,
PKB24,,,,,,,,,,,,,,,,,,,,,,,,,GGGGUUCGAAUCCCCCCUUUACCCCGGGUAUGGGGCCCA,...............(((...[[[[)))...]]]]....,39,-,,
PKB43,,,,,,,,,,,,,,,,,,,,,,,,,UUUAAAUGGGCAAGCGGCACCGUCCGCCAAAACAAACGG,.............((((..[[[[))))........]]]],39,11363804,,
PKB172,,,,,,,,,,,,,,,,,,,,,,,,,CUUUUGGUUUCUACAGUUUUUUCCAAAAAAAAAAAAAAA,.((((((.........[[[[[[))))))...]]]]]]..,39,-,,
PKB42,,,,,,,,,,,,,,,,,,,,,,,,,UUUAAAUGGGCGAGCGGCACCGCCCGCCAAAACAAACGG,.............((((..[[[.)))).........]]],39,11363800,,
PKB46,,,,,,,,,,,,,,,,,,,,,,,,,GGGAAACGGGAAGGCGGCGGCGUCCGCCGUAACAAACGC,............(((((..[[[[))))).......]]]],39,11452649,11398435,11367671
PKB44,,,,,,,,,,,,,,,,,,,,,,,,,GGGAAACGGGCAGGCGGCGGCGACCGCCGAAACAACCGC,............(((((..[[[.)))))........]]],39,11367653,,
PKB10,,,,,,,,,,,,,,,,,,,,,,,,,UGGGUUCAACUCCCCCCCUUUUCCGAGGGUAUCGGAAACC,..............(((...[[[[[[)))..]]]]]]...,40,11420419,,
PKB14,,,,,,,,,,,,,,,,,,,,,,,,,CGGGUGCGACUCCCCCCCCUCCUGUGGGCUACAGGAACCA,..............(((..[[[[[[)))..]]]]]]....,40,-,,
PKB8,,,,,,,,,,,,,,,,,,,,,,,,,UGGGUGCAACUCCCCCCCCUUCCGUGGGUAACGGAAACCA,..............(((..[[[[[[)))..]]]]]]....,40,-,,
PKB130,,,,,,,,,,,,,,,,,,,,,,,,,AGGGGUAAAACCCCUCGCCUACGUAAGCGUUAUUACGCCC,...............(((...[[[[[)))...]]]]]...,40,-,,
PKB31,,,,,,,,,,,,,,,,,,,,,,,,,GGGGUUCAAUUCCCCCCCCAUCCGGAGGGUUAUCCGGCCC,...............(((...[[[[[)))...]]]]]...,40,-,,
PKB40,,,,,,,,,,,,,,,,,,,,,,,,,GGGGUGCAAAUCCCCCCCUAACUUGAGGGAAAUCAAGCCC,...............(((...[[[[[)))...]]]]]...,40,-,,
PKB12,,,,,,,,,,,,,,,,,,,,,,,,,CGGGUGCAACCCCCCCUCCCCCCGUAGGUUAACGGGACCA,..............(((...[[[[[)))...]]]]]....,40,-,,
PKB33,,,,,,,,,,,,,,,,,,,,,,,,,GGUGCAAAUCCCCCGCUGAAACGGAGCGAUAUCCGUCCCA,.............(((....[[[[[)))...]]]]]....,40,11454359,,
PKB34,,,,,,,,,,,,,,,,,,,,,,,,,GGUGCAAAUCCCCCGCUGAAACGGAGCGAUAUCCGUCCCA,.............(((....[[[[[)))...]]]]]....,40,11454359,,
PKB35,,,,,,,,,,,,,,,,,,,,,,,,,GGUGCAAAUCCCCCGCCGAUACGGAGCGAUAUCCGUCCCA,.............(((....[[[[[)))...]]]]]....,40,-,,
PKB66,,,,,,,,,,,,,,,,,,,,,,,,,CAAGAACCGGACGGGUGAGAACCGAGACAAACACCCACCA,.......(((..[[[[[....))).......]]]]]....,40,11402301,11373979,
PKB359,,,,,,,,,,,,,,,,,,,,,,,,,AUUCAGGUGAUUUGCUACCUUUAAGUGCAGCUAGAAAUUC,....((((....[[[.))))......]]]...........,40,11422967,11407686,11384655
PKB268,,,,,,,,,,,,,,,,,,,,,,,,,CUCCUAGCGAAGUCCCGCUAGGAAGAAAAAAUAAGGGCCG,.(((((((...[[[[.)))))))...........]]]]..,40,-,,
PKB15,,,,,,,,,,,,,,,,,,,,,,,,,UGGGUGCGACUCCCCCCCCUCCCGUGGGUCAACGGGAACCA,..............(((..[[[[[[)))...]]]]]]....,41,-,,
PKB36,,,,,,,,,,,,,,,,,,,,,,,,,GGGGUGCAAAUCCCCCCCUUUACUUGAGGGAAAUCAAGCCC,...............(((....[[[[[)))...]]]]]...,41,-,,
PKB37,,,,,,,,,,,,,,,,,,,,,,,,,GGGGUGCAAAUCCCCCCCUUAACUUGAGGGAAAUCAAGCCC,...............(((....[[[[[)))...]]]]]...,41,-,,
PKB38,,,,,,,,,,,,,,,,,,,,,,,,,GGGGUGCAACUCCCCCCCUUAACUAGAGGGAAAUCUAGCCC,...............(((....[[[[[)))...]]]]]...,41,-,,
PKB5,,,,,,,,,,,,,,,,,,,,,,,,,CGGGUGCAACUCCCGCCCCUCUUCCGAGGGUCAUCGGAACC,...............(((....[[[[[)))...]]]]]...,41,-,,
PKB30,,,,,,,,,,,,,,,,,,,,,,,,,GGGGUUCAAAUCCCCCCCGAACCGGAGGGUUAUCCGGCCCA,...............(((...[[[[[)))...]]]]]....,41,11453264,,
PKB39,,,,,,,,,,,,,,,,,,,,,,,,,GGGGUGCAAAUCCCCCCCUAACUUGAGGGAAAUCAAGCCCC,...............(((...[[[[[)))...]]]]]....,41,-,,
PKB41,,,,,,,,,,,,,,,,,,,,,,,,,GGGGUGCAAAUCCCCCCCUAACUUGAGGGAAAUCAAGCCCC,...............(((...[[[[[)))...]]]]]....,41,-,,
PKB376,,,,,,,,,,,,,,,,,,,,,,,,,GGCACGAUCGGGCUCGCUGCCUUUUCGUCCGAGAGCUCGAA,((((((.[[[[[[[)).))))............]]]]]]].,41,-,,
PKB240,,,,,,,,,,,,,,,,,,,,,,,,,GGGAAAUGGACUGAGCGGCGCCGACCGCCAAACAACCGGCA,..............((((.[[[[.))))........]]]].,41,11452645,11382866,
PKB45,,,,,,,,,,,,,,,,,,,,,,,,,GGGAAACGGAUUAUUCCGGUCGACUCCGGAGAAACAAAGUC,.............((((((..[[[[))))))......]]]],41,11367657,,
PKB372,,,,,,,,,,,,,,,,,,,,,,,,,CCUCGGGCACGCGCUGAAAGUGCCCGUUGGAAGGAUUGCGA,...(((((((.[[[.....)))))))...........]]].,41,11382766,,
PKB7,,,,,,,,,,,,,,,,,,,,,,,,,GGUGGUGCAACUCCCCCGUCCUCCCGAACGUCAUCGGGACCA,................(((..[[[[[[)))...]]]]]]...,42,-,,
PKB11,,,,,,,,,,,,,,,,,,,,,,,,,UGGGUGCAACCCCCCCGUCCAUCUCGAACGUCAUCGAGACCA,...............(((...[[[[[[)))...]]]]]]...,42,-,,
PKB13,,,,,,,,,,,,,,,,,,,,,,,,,GGGGUGCGACUCCCCCGUCUAUCCUGAACGUCAUCAGGACCA,...............(((...[[[[[[)))...]]]]]]...,42,-,,
PKB16,,,,,,,,,,,,,,,,,,,,,,,,,GGGGUGCAACUCCCCCGCCCAUCUCGAGCGUCAUCGAGACCA,...............(((...[[[[[[)))...]]]]]]...,42,-,,
PKB6,,,,,,,,,,,,,,,,,,,,,,,,,GGGGUGCAACUCCCCCGUCUAUCCUGGACGUCACCAGGACCA,...............(((...[[[[[[)))...]]]]]]...,42,-,,
PKB9,,,,,,,,,,,,,,,,,,,,,,,,,GGGGUGCAACUCCCCCGUCUAUCCUGGACGUCACCAGGACCA,...............(((...[[[[[[)))...]]]]]]...,42,-,,
PKB17,,,,,,,,,,,,,,,,,,,,,,,,,GGGGAGCAUUACCCCCCCAAAACCCUGGGGAUACAGGGCCCA,...............(((....[[[[[)))...]]]]]....,42,-,,
PKB182,,,,,,,,,,,,,,,,,,,,,,,,,GGGGUUCAAAUCCCCCCCCGAACCGGAGGGUUAUCCGGCCCA,...............(((....[[[[[)))...]]]]]....,42,-,,
PKB224,,,,,,,,,,,,,,,,,,,,,,,,,UUUCCUAUACCUCGAGUCGGGUUUGGAAUCUAAGGUUGACUCG,.((((...((((.[[[[[))))..)))).........]]]]].,43,-,,
PKB281,,,,,,,,,,,,,,,,,,,,,,,,,GGGAAACGAGCCAAGUGGCGCCGACCACUUAAAAACACCGGAA,.............(((((..[[[.))))).........]]]..,43,11382859,,
PKB227,,,,,,,,,,,,,,,,,,,,,,,,,AUGUUUAGAAGAUUAGGUAGUCUCUAAACAGAACAAUUUACCUG,.(((((...((((.[[[[[))))..)))))........]]]]].,44,-,,
PKB375,,,,,,,,,,,,,,,,,,,,,,,,,ACACUACAUGCAGCGCUCUAGGUGUGUAGUGACAGUAAGCGCGC,.((((((((((.[[[[[....))))))))))......]]]]]..,44,11382855,,
PKB216,,,,,,,,,,,,,,,,,,,,,,,,,CUUCUUAUAUGAUUAGGUUGUCAUUUAGAAUAAGAAAAUAACCUG,.((((...(((((.[[[[[)))))..)))).........]]]]].,45,11382781,,
PKB207,,,,,,,,,,,,,,,,,,,,,,,,,GCCCCAUGGAGGUGGCUGGGGCCAGCCUCAUGGAGGUGGCUGGGG,...((((((............[[[[[[))))))....]]]]]]..,45,-,,
PKB213,,,,,,,,,,,,,,,,,,,,,,,,,CAGCCUUGUAGUUUUAGUGGACUUUAGGCUAAAGAAUUUCACUAG,.(((((...((((.[[[[[))))..))))).........]]]]].,45,11382938,,
PKB206,,,,,,,,,,,,,,,,,,,,,,,,,GCCUCAUGGUGGUGGCUGGGGGCAGCCUCAUGGUGGUGGCUGGGG,...((((((.............[[[[[))))))....]]]]]...,45,-,,
PKB178,,,,,,,,,,,,,,,,,,,,,,,,,AAGGGCGUCGUCGCCCCGAGUCGUAGCAGUUGACUACUGUUAUGU,..((((...[[[)))).....(((((((((.]]].))))))))).,45,-,,
PKB221,,,,,,,,,,,,,,,,,,,,,,,,,CGGUUUUUCAGAUUAGGUAGUCGAAAAACCUAAGAAAUUUACCUG,.((((((...(((.[[[[[)))..)))))).........]]]]].,45,-,,
PKB192,,,,,,,,,,,,,,,,,,,,,,,,,AAUAAAGCAGUUGAGAGGGGGAUCUGCUUUGCCCUCUCUCCUCCCA,..((((((((..[[[[[[[[[..))))))))]]]]]]]]]......,46,-,,
PKB51,,,,,,,,,,,,,,,,,,,,,,,,,GCGUGGAAGCCCUGCCUGGGGUUGAAGCGUUAAAACUUAAUCAGGC,((((...(((((.[[[[[)))))...))))...........]]]]],46,-,,
PKB65,n,n,n,n,n,n,n,n,n,n,n,n,n,n,n,n,n,n,n,n,n,n,n,n,GCACCGGCUAACUCCGUGCCAGCAGCCGCGGUAAUACGGAGGGUGC,((((((((...[[[[[[[......))).......]]]]]]]))))),46,11431698,11373976,
PKB1,,,,,,,,,,,,,,,,,,,,,,,,,AAAAAACUAAUAGAGGGGGGACUUAGCGCCCCCCAAACCGUAACCCC,..............[[[[[[.....(((]]]]]]....)))......,47,-,,
PKB190,,,,,,,,,,,,,,,,,,,,,,,,,CUCGCUCAAACAUUAAGUGGUGUUGUGCGAAAAGAAUCUCACUUCAA,.((((...(((((.[[[[[)))))..)))).........]]]]]...,47,11382797,,
PKB163,,,,,,,,,,,,,,,,,,,,,,,,,GCCGGGCGCGGUGGCGCGUGCCUGUAGUCCCAGCUACUCGGGAGGCU,(((.((((((.[[[[.)))))).....((((.]]]]...))))))).,47,11382922,,
PKB266,,,,,,,,,,,,,,,,,,,,,,,,,UGUCUUCCUAAAAUCCUUGGAAGACUGUAUAUAUAGAAUAAAGGUCG,.(((((((......[[[[)))))))...............]]]]...,47,11382818,,
PKB205,,,,,,,,,,,,,,,,,,,,,,,,,UUAGAGUGUUCAAAGCCAGGCGUUUGCCGUGAAUACAUUAGCAUGGAA,.((..((.[[[[..))(((((....))).))..))........]]]].,48,11385047,11382902,
PKB230,,,,,,,,,,,,,,,,,,,,,,,,,CAGGAGAGCAUACGCUAGGUCGCGUUGACUAUCCUUAUAUAUGACCUG,.((((.((((.((((.[[[[[)))))).)).)))).......]]]]].,48,11382019,,
PKB273,,,,,,,,,,,,,,,,,,,,,,,,,UUCCAGGACAUACUGCUGAGGAUGUCAAAAAUGCAGUUGGAGUCCUCA,.(((((...........[[[[[[.............)))))]]]]]].,48,11382824,,
PKB131,,,,,,,,,,,,y,y,,,,,y,y,y,y,y,,,CGCUCAACUCAUGGAGCGCAAGACGAAUAGCUACAUAUUCGACAUGAG,(((((..[[[[[[))))).....((((((......)))))).]]]]]],48,11382972,,
PKB133,,,,,,,y,,,,y,y,y,,,,,y,y,y,,y,y,,CGCUCAACUCAUGGAGCGCACGACGGAUCACCAUCGAUUCGACAUGAG,(((((..[[[[[[))))).....((((((......)))))).]]]]]],48,11382950,11382808,
PKB80,,,,,,,,,,,,,,,,,,,,,,,,,AAAAAACUUGUAAAGGGGCAGUCCCCUAGCCCCGCUCAAAAGGGGGAUG,..............(((((.[[[[[[[.)))))........]]]]]]].,49,-,,
PKB274,,,,,,,,,,,,,,,,,,,,,,,,,ACUGAUGAUCUUACAGUGGAGGAUGAAGAAGAUGGCCAUCGGAUCCUCA,.((((((...........[[[[[[............))))))]]]]]].,49,11382916,,
PKB132,,,,,,,,,,,y,,,y,,,,y,y,y,y,y,,,CGCUCAACCUCAGAGCGCAAGAGUCGAACGAAUACAGUUCGACAUGAGG,(((((..[[[[[))))).....(((((((.......))))))).]]]]],49,11417294,,
PKB2,,,,,,,,,,,,,,,,,,,,,,,,,GGGAAACGGAGUGCGCGGCACCGUCCGCGGAACAAACGGAGAAGGCAGCU,.............[[[[[..((((]]]]]......))))...........,50,-,,
PKB146,,,,,,,,,,,,,,,,,,,,,,,,,UUUCACUGCGGAUAUGUAGGUUUCCUCGGUGAAUAUAAAACUUAUAUCCC,.(((((...[[[[[((.(((...))))))))))...........]]]]].,50,11417302,,
PKB4,,,,,,,,,,,,,,,,,,,,,,,,,GGGAAACUGGAAGGCGGGGCGAGCUGCAGCCCCAGUGAAUCAAAUGCAGC,...............[[[[[..((((((]]]]]...........)))))),50,-,,
,,,,,,,,,,,,,,,,,,,,,,,,,,,,,,
,,,,,,,,,,,,,,,,,,,,,,,,,,,,,,
,,,,,,,,,,,,,,,,,,,,,,,,,,,,,,
,,,,,,,,,,,,,,,,,,,,,,,,,,,,,,
,,,,,,,,,,,,,,,,,,,,,,,,,,,,,,